instant,season,yr,mnth,holiday,weekday,workingday,weathersit,temp,atemp,hum,windspeed,cnt
1.0,1.0,0.0,1.0,0.0,6.0,0.0,2.0,0.344167,0.363625,0.805833,0.160446,985.0
2.0,1.0,0.0,1.0,0.0,0.0,0.0,2.0,0.363478,0.3537389999999999,0.696087,0.2485389999999999,801.0
3.0,1.0,0.0,1.0,0.0,1.0,1.0,1.0,0.196364,0.189405,0.4372729999999999,0.248309,1349.0
4.0,1.0,0.0,1.0,0.0,2.0,1.0,1.0,0.2,0.2121219999999999,0.590435,0.160296,1562.0
5.0,1.0,0.0,1.0,0.0,3.0,1.0,1.0,0.226957,0.2292699999999999,0.436957,0.1869,1600.0
6.0,1.0,0.0,1.0,0.0,4.0,1.0,1.0,0.204348,0.233209,0.518261,0.0895652,1606.0
7.0,1.0,0.0,1.0,0.0,5.0,1.0,2.0,0.196522,0.208839,0.498696,0.168726,1510.0
8.0,1.0,0.0,1.0,0.0,6.0,0.0,2.0,0.165,0.162254,0.535833,0.266804,959.0
9.0,1.0,0.0,1.0,0.0,0.0,0.0,1.0,0.1383329999999999,0.116175,0.434167,0.36195,822.0
10.0,1.0,0.0,1.0,0.0,1.0,1.0,1.0,0.150833,0.150888,0.482917,0.223267,1321.0
11.0,1.0,0.0,1.0,0.0,2.0,1.0,2.0,0.169091,0.191464,0.6863640000000001,0.1221319999999999,1263.0
12.0,1.0,0.0,1.0,0.0,3.0,1.0,1.0,0.172727,0.160473,0.599545,0.304627,1162.0
13.0,1.0,0.0,1.0,0.0,4.0,1.0,1.0,0.165,0.150883,0.470417,0.301,1406.0
14.0,1.0,0.0,1.0,0.0,5.0,1.0,1.0,0.16087,0.188413,0.537826,0.126548,1421.0
15.0,1.0,0.0,1.0,0.0,6.0,0.0,2.0,0.2333329999999999,0.248112,0.49875,0.157963,1248.0
16.0,1.0,0.0,1.0,0.0,0.0,0.0,1.0,0.231667,0.234217,0.48375,0.188433,1204.0
17.0,1.0,0.0,1.0,1.0,1.0,0.0,2.0,0.175833,0.176771,0.5375,0.194017,1000.0
18.0,1.0,0.0,1.0,0.0,2.0,1.0,2.0,0.216667,0.2323329999999999,0.861667,0.146775,683.0
19.0,1.0,0.0,1.0,0.0,3.0,1.0,2.0,0.292174,0.2984219999999999,0.741739,0.208317,1650.0
20.0,1.0,0.0,1.0,0.0,4.0,1.0,2.0,0.261667,0.25505,0.538333,0.195904,1927.0
21.0,1.0,0.0,1.0,0.0,5.0,1.0,1.0,0.1775,0.157833,0.457083,0.353242,1543.0
22.0,1.0,0.0,1.0,0.0,6.0,0.0,1.0,0.0591304,0.0790696,0.4,0.17197,981.0
23.0,1.0,0.0,1.0,0.0,0.0,0.0,1.0,0.0965217,0.0988391,0.436522,0.2466,986.0
24.0,1.0,0.0,1.0,0.0,1.0,1.0,1.0,0.0973913,0.11793,0.491739,0.15833,1416.0
25.0,1.0,0.0,1.0,0.0,2.0,1.0,2.0,0.223478,0.234526,0.616957,0.129796,1985.0
26.0,1.0,0.0,1.0,0.0,3.0,1.0,3.0,0.2175,0.2036,0.8625,0.29385,506.0
27.0,1.0,0.0,1.0,0.0,4.0,1.0,1.0,0.195,0.2197,0.6875,0.113837,431.0
28.0,1.0,0.0,1.0,0.0,5.0,1.0,2.0,0.203478,0.223317,0.793043,0.1233,1167.0
29.0,1.0,0.0,1.0,0.0,6.0,0.0,1.0,0.196522,0.212126,0.6517390000000001,0.145365,1098.0
30.0,1.0,0.0,1.0,0.0,0.0,0.0,1.0,0.216522,0.250322,0.722174,0.0739826,1096.0
31.0,1.0,0.0,1.0,0.0,1.0,1.0,2.0,0.180833,0.18625,0.60375,0.187192,1501.0
32.0,1.0,0.0,2.0,0.0,2.0,1.0,2.0,0.192174,0.23453,0.829565,0.0532129999999999,1360.0
33.0,1.0,0.0,2.0,0.0,3.0,1.0,2.0,0.26,0.254417,0.775417,0.264308,1526.0
34.0,1.0,0.0,2.0,0.0,4.0,1.0,1.0,0.1869569999999999,0.177878,0.437826,0.277752,1550.0
35.0,1.0,0.0,2.0,0.0,5.0,1.0,2.0,0.211304,0.2285869999999999,0.585217,0.127839,1708.0
36.0,1.0,0.0,2.0,0.0,6.0,0.0,2.0,0.2333329999999999,0.243058,0.929167,0.161079,1005.0
37.0,1.0,0.0,2.0,0.0,0.0,0.0,1.0,0.285833,0.291671,0.568333,0.1418,1623.0
38.0,1.0,0.0,2.0,0.0,1.0,1.0,1.0,0.271667,0.303658,0.738333,0.0454083,1712.0
39.0,1.0,0.0,2.0,0.0,2.0,1.0,1.0,0.220833,0.198246,0.537917,0.36195,1530.0
40.0,1.0,0.0,2.0,0.0,3.0,1.0,2.0,0.134783,0.144283,0.494783,0.188839,1605.0
41.0,1.0,0.0,2.0,0.0,4.0,1.0,1.0,0.144348,0.149548,0.437391,0.221935,1538.0
42.0,1.0,0.0,2.0,0.0,5.0,1.0,1.0,0.189091,0.213509,0.506364,0.10855,1746.0
43.0,1.0,0.0,2.0,0.0,6.0,0.0,1.0,0.2225,0.232954,0.544167,0.203367,1472.0
44.0,1.0,0.0,2.0,0.0,0.0,0.0,1.0,0.3165219999999999,0.324113,0.457391,0.260883,1589.0
45.0,1.0,0.0,2.0,0.0,1.0,1.0,1.0,0.415,0.39835,0.375833,0.417908,1913.0
46.0,1.0,0.0,2.0,0.0,2.0,1.0,1.0,0.2660869999999999,0.254274,0.314348,0.2913739999999999,1815.0
47.0,1.0,0.0,2.0,0.0,3.0,1.0,1.0,0.318261,0.3162,0.4234779999999999,0.251791,2115.0
48.0,1.0,0.0,2.0,0.0,4.0,1.0,1.0,0.4358329999999999,0.428658,0.505,0.230104,2475.0
49.0,1.0,0.0,2.0,0.0,5.0,1.0,1.0,0.521667,0.511983,0.516667,0.264925,2927.0
50.0,1.0,0.0,2.0,0.0,6.0,0.0,1.0,0.399167,0.391404,0.187917,0.507463,1635.0
51.0,1.0,0.0,2.0,0.0,0.0,0.0,1.0,0.285217,0.27733,0.407826,0.223235,1812.0
52.0,1.0,0.0,2.0,1.0,1.0,0.0,2.0,0.303333,0.284075,0.605,0.307846,1107.0
53.0,1.0,0.0,2.0,0.0,2.0,1.0,1.0,0.182222,0.186033,0.577778,0.195683,1450.0
54.0,1.0,0.0,2.0,0.0,3.0,1.0,1.0,0.221739,0.245717,0.423043,0.094113,1917.0
55.0,1.0,0.0,2.0,0.0,4.0,1.0,2.0,0.295652,0.289191,0.697391,0.250496,1807.0
56.0,1.0,0.0,2.0,0.0,5.0,1.0,2.0,0.364348,0.350461,0.712174,0.346539,1461.0
58.0,1.0,0.0,2.0,0.0,0.0,0.0,1.0,0.343478,0.351109,0.68,0.125248,2402.0
59.0,1.0,0.0,2.0,0.0,1.0,1.0,2.0,0.407273,0.400118,0.8763639999999999,0.289686,1446.0
60.0,1.0,0.0,3.0,0.0,2.0,1.0,1.0,0.266667,0.263879,0.535,0.216425,1851.0
61.0,1.0,0.0,3.0,0.0,3.0,1.0,1.0,0.335,0.320071,0.449583,0.3078329999999999,2134.0
62.0,1.0,0.0,3.0,0.0,4.0,1.0,1.0,0.1983329999999999,0.200133,0.318333,0.225754,1685.0
63.0,1.0,0.0,3.0,0.0,5.0,1.0,2.0,0.261667,0.255679,0.610417,0.203346,1944.0
64.0,1.0,0.0,3.0,0.0,6.0,0.0,2.0,0.384167,0.378779,0.789167,0.251871,2077.0
65.0,1.0,0.0,3.0,0.0,0.0,0.0,2.0,0.3765219999999999,0.366252,0.948261,0.343287,605.0
66.0,1.0,0.0,3.0,0.0,1.0,1.0,1.0,0.261739,0.238461,0.551304,0.341352,1872.0
67.0,1.0,0.0,3.0,0.0,2.0,1.0,1.0,0.2925,0.3024,0.420833,0.12065,2133.0
68.0,1.0,0.0,3.0,0.0,3.0,1.0,2.0,0.295833,0.286608,0.775417,0.22015,1891.0
69.0,1.0,0.0,3.0,0.0,4.0,1.0,3.0,0.3890909999999999,0.385668,0.0,0.2618769999999999,623.0
70.0,1.0,0.0,3.0,0.0,5.0,1.0,2.0,0.3165219999999999,0.305,0.649565,0.2329699999999999,1977.0
71.0,1.0,0.0,3.0,0.0,6.0,0.0,1.0,0.329167,0.32575,0.594583,0.220775,2132.0
72.0,1.0,0.0,3.0,0.0,0.0,0.0,1.0,0.384348,0.380091,0.5273909999999999,0.270604,2417.0
73.0,1.0,0.0,3.0,0.0,1.0,1.0,1.0,0.325217,0.332,0.496957,0.136926,2046.0
74.0,1.0,0.0,3.0,0.0,2.0,1.0,2.0,0.317391,0.318178,0.655652,0.184309,2056.0
75.0,1.0,0.0,3.0,0.0,3.0,1.0,2.0,0.365217,0.36693,0.776522,0.203117,2192.0
76.0,1.0,0.0,3.0,0.0,4.0,1.0,1.0,0.415,0.410333,0.602917,0.209579,2744.0
77.0,1.0,0.0,3.0,0.0,5.0,1.0,1.0,0.54,0.5270090000000001,0.525217,0.231017,3239.0
78.0,1.0,0.0,3.0,0.0,6.0,0.0,1.0,0.4725,0.466525,0.379167,0.368167,3117.0
79.0,1.0,0.0,3.0,0.0,0.0,0.0,1.0,0.3325,0.32575,0.47375,0.207721,2471.0
80.0,2.0,0.0,3.0,0.0,1.0,1.0,2.0,0.430435,0.409735,0.737391,0.288783,2077.0
81.0,2.0,0.0,3.0,0.0,2.0,1.0,1.0,0.441667,0.440642,0.624583,0.22575,2703.0
83.0,2.0,0.0,3.0,0.0,4.0,1.0,2.0,0.285,0.270833,0.805833,0.2437869999999999,1865.0
84.0,2.0,0.0,3.0,0.0,5.0,1.0,1.0,0.264167,0.256312,0.495,0.230725,2210.0
85.0,2.0,0.0,3.0,0.0,6.0,0.0,1.0,0.265833,0.257571,0.394167,0.209571,2496.0
86.0,2.0,0.0,3.0,0.0,0.0,0.0,2.0,0.2530429999999999,0.250339,0.493913,0.1843,1693.0
87.0,2.0,0.0,3.0,0.0,1.0,1.0,1.0,0.264348,0.2575739999999999,0.302174,0.212204,2028.0
88.0,2.0,0.0,3.0,0.0,2.0,1.0,1.0,0.3025,0.292908,0.314167,0.226996,2425.0
89.0,2.0,0.0,3.0,0.0,3.0,1.0,2.0,0.3,0.29735,0.646667,0.172888,1536.0
90.0,2.0,0.0,3.0,0.0,4.0,1.0,3.0,0.268333,0.257575,0.918333,0.217646,1685.0
91.0,2.0,0.0,4.0,0.0,5.0,1.0,2.0,0.3,0.283454,0.68625,0.258708,2227.0
92.0,2.0,0.0,4.0,0.0,6.0,0.0,2.0,0.315,0.315637,0.65375,0.197146,2252.0
93.0,2.0,0.0,4.0,0.0,0.0,0.0,1.0,0.378333,0.378767,0.48,0.182213,3249.0
94.0,2.0,0.0,4.0,0.0,1.0,1.0,1.0,0.573333,0.542929,0.42625,0.385571,3115.0
95.0,2.0,0.0,4.0,0.0,2.0,1.0,2.0,0.414167,0.39835,0.642083,0.388067,1795.0
96.0,2.0,0.0,4.0,0.0,3.0,1.0,1.0,0.390833,0.387608,0.470833,0.263063,2808.0
97.0,2.0,0.0,4.0,0.0,4.0,1.0,1.0,0.4375,0.433696,0.602917,0.1623119999999999,3141.0
98.0,2.0,0.0,4.0,0.0,5.0,1.0,2.0,0.335833,0.324479,0.83625,0.226992,1471.0
99.0,2.0,0.0,4.0,0.0,6.0,0.0,2.0,0.3425,0.3415289999999999,0.8775,0.1330829999999999,2455.0
100.0,2.0,0.0,4.0,0.0,0.0,0.0,2.0,0.426667,0.426737,0.8575,0.146767,2895.0
101.0,2.0,0.0,4.0,0.0,1.0,1.0,2.0,0.5956520000000001,0.565217,0.716956,0.324474,3348.0
102.0,2.0,0.0,4.0,0.0,2.0,1.0,2.0,0.5025,0.493054,0.739167,0.274879,2034.0
103.0,2.0,0.0,4.0,0.0,3.0,1.0,2.0,0.4125,0.417283,0.819167,0.250617,2162.0
104.0,2.0,0.0,4.0,0.0,4.0,1.0,1.0,0.4675,0.462742,0.540417,0.1107,3267.0
105.0,2.0,0.0,4.0,1.0,5.0,0.0,1.0,0.446667,0.441913,0.67125,0.226375,3126.0
106.0,2.0,0.0,4.0,0.0,6.0,0.0,3.0,0.4308329999999999,0.425492,0.888333,0.340808,795.0
107.0,2.0,0.0,4.0,0.0,0.0,0.0,1.0,0.456667,0.445696,0.479583,0.303496,3744.0
108.0,2.0,0.0,4.0,0.0,1.0,1.0,1.0,0.5125,0.503146,0.5425,0.163567,3429.0
109.0,2.0,0.0,4.0,0.0,2.0,1.0,2.0,0.505833,0.4892579999999999,0.665833,0.157971,3204.0
110.0,2.0,0.0,4.0,0.0,3.0,1.0,1.0,0.595,0.564392,0.614167,0.241925,3944.0
111.0,2.0,0.0,4.0,0.0,4.0,1.0,1.0,0.459167,0.453892,0.407083,0.325258,4189.0
112.0,2.0,0.0,4.0,0.0,5.0,1.0,2.0,0.336667,0.321954,0.729583,0.219521,1683.0
113.0,2.0,0.0,4.0,0.0,6.0,0.0,2.0,0.46,0.450121,0.887917,0.230725,4036.0
114.0,2.0,0.0,4.0,0.0,0.0,0.0,2.0,0.581667,0.551763,0.810833,0.192175,4191.0
115.0,2.0,0.0,4.0,0.0,1.0,1.0,1.0,0.606667,0.5745,0.776667,0.185333,4073.0
116.0,2.0,0.0,4.0,0.0,2.0,1.0,1.0,0.631667,0.594083,0.729167,0.3265,4400.0
117.0,2.0,0.0,4.0,0.0,3.0,1.0,2.0,0.62,0.575142,0.835417,0.3122,3872.0
118.0,2.0,0.0,4.0,0.0,4.0,1.0,2.0,0.6175,0.578929,0.700833,0.3209079999999999,4058.0
119.0,2.0,0.0,4.0,0.0,5.0,1.0,1.0,0.51,0.497463,0.457083,0.240063,4595.0
120.0,2.0,0.0,4.0,0.0,6.0,0.0,1.0,0.4725,0.464021,0.503333,0.235075,5312.0
121.0,2.0,0.0,5.0,0.0,0.0,0.0,2.0,0.451667,0.448204,0.762083,0.1063539999999999,3351.0
122.0,2.0,0.0,5.0,0.0,1.0,1.0,2.0,0.549167,0.532833,0.73,0.183454,4401.0
123.0,2.0,0.0,5.0,0.0,2.0,1.0,2.0,0.616667,0.582079,0.697083,0.342667,4451.0
124.0,2.0,0.0,5.0,0.0,3.0,1.0,2.0,0.414167,0.40465,0.737083,0.328996,2633.0
125.0,2.0,0.0,5.0,0.0,4.0,1.0,1.0,0.459167,0.441917,0.444167,0.295392,4433.0
126.0,2.0,0.0,5.0,0.0,5.0,1.0,1.0,0.479167,0.474117,0.59,0.228246,4608.0
127.0,2.0,0.0,5.0,0.0,6.0,0.0,1.0,0.52,0.512621,0.54125,0.16045,4714.0
128.0,2.0,0.0,5.0,0.0,0.0,0.0,1.0,0.5283329999999999,0.518933,0.631667,0.0746375,4333.0
131.0,2.0,0.0,5.0,0.0,3.0,1.0,1.0,0.5425,0.5284,0.632917,0.120642,4182.0
132.0,2.0,0.0,5.0,0.0,4.0,1.0,1.0,0.535,0.523363,0.7475,0.189667,4864.0
133.0,2.0,0.0,5.0,0.0,5.0,1.0,2.0,0.5125,0.4943,0.863333,0.179725,4105.0
134.0,2.0,0.0,5.0,0.0,6.0,0.0,2.0,0.520833,0.500629,0.9225,0.13495,3409.0
135.0,2.0,0.0,5.0,0.0,0.0,0.0,2.0,0.5625,0.536,0.867083,0.152979,4553.0
136.0,2.0,0.0,5.0,0.0,1.0,1.0,1.0,0.5775,0.550512,0.787917,0.126871,3958.0
137.0,2.0,0.0,5.0,0.0,2.0,1.0,2.0,0.561667,0.538529,0.837917,0.277354,4123.0
138.0,2.0,0.0,5.0,0.0,3.0,1.0,2.0,0.55,0.527158,0.87,0.201492,3855.0
139.0,2.0,0.0,5.0,0.0,4.0,1.0,2.0,0.530833,0.510742,0.829583,0.108213,4575.0
140.0,2.0,0.0,5.0,0.0,5.0,1.0,1.0,0.536667,0.529042,0.719583,0.125013,4917.0
141.0,2.0,0.0,5.0,0.0,6.0,0.0,1.0,0.6025,0.571975,0.626667,0.12065,5805.0
142.0,2.0,0.0,5.0,0.0,0.0,0.0,1.0,0.604167,0.5745,0.749583,0.148008,4660.0
143.0,2.0,0.0,5.0,0.0,1.0,1.0,2.0,0.631667,0.590296,0.81,0.233842,4274.0
144.0,2.0,0.0,5.0,0.0,2.0,1.0,2.0,0.66,0.604813,0.740833,0.207092,4492.0
145.0,2.0,0.0,5.0,0.0,3.0,1.0,1.0,0.660833,0.615542,0.69625,0.1542329999999999,4978.0
146.0,2.0,0.0,5.0,0.0,4.0,1.0,1.0,0.708333,0.654688,0.6775,0.199642,4677.0
147.0,2.0,0.0,5.0,0.0,5.0,1.0,1.0,0.681667,0.637008,0.65375,0.240679,4679.0
148.0,2.0,0.0,5.0,0.0,6.0,0.0,1.0,0.655833,0.612379,0.729583,0.230092,4758.0
149.0,2.0,0.0,5.0,0.0,0.0,0.0,1.0,0.6675,0.61555,0.81875,0.213938,4788.0
150.0,2.0,0.0,5.0,1.0,1.0,0.0,1.0,0.733333,0.671092,0.685,0.131225,4098.0
151.0,2.0,0.0,5.0,0.0,2.0,1.0,1.0,0.775,0.725383,0.636667,0.111329,3982.0
152.0,2.0,0.0,6.0,0.0,3.0,1.0,2.0,0.764167,0.720967,0.677083,0.207092,3974.0
153.0,2.0,0.0,6.0,0.0,4.0,1.0,1.0,0.715,0.643942,0.305,0.2922869999999999,4968.0
154.0,2.0,0.0,6.0,0.0,5.0,1.0,1.0,0.62,0.587133,0.354167,0.253121,5312.0
155.0,2.0,0.0,6.0,0.0,6.0,0.0,1.0,0.635,0.594696,0.45625,0.123142,5342.0
156.0,2.0,0.0,6.0,0.0,0.0,0.0,2.0,0.648333,0.616804,0.6525,0.138692,4906.0
157.0,2.0,0.0,6.0,0.0,1.0,1.0,1.0,0.678333,0.621858,0.6,0.121896,4548.0
158.0,2.0,0.0,6.0,0.0,2.0,1.0,1.0,0.7075,0.65595,0.597917,0.187808,4833.0
159.0,2.0,0.0,6.0,0.0,3.0,1.0,1.0,0.775833,0.727279,0.6220829999999999,0.136817,4401.0
160.0,2.0,0.0,6.0,0.0,4.0,1.0,2.0,0.808333,0.757579,0.568333,0.149883,3915.0
161.0,2.0,0.0,6.0,0.0,5.0,1.0,1.0,0.755,0.703292,0.605,0.1405539999999999,4586.0
162.0,2.0,0.0,6.0,0.0,6.0,0.0,1.0,0.725,0.678038,0.654583,0.15485,4966.0
163.0,2.0,0.0,6.0,0.0,0.0,0.0,1.0,0.6925,0.643325,0.747917,0.163567,4460.0
164.0,2.0,0.0,6.0,0.0,1.0,1.0,1.0,0.635,0.601654,0.494583,0.30535,5020.0
165.0,2.0,0.0,6.0,0.0,2.0,1.0,1.0,0.604167,0.591546,0.507083,0.269283,4891.0
166.0,2.0,0.0,6.0,0.0,3.0,1.0,1.0,0.626667,0.587754,0.471667,0.1679119999999999,5180.0
167.0,2.0,0.0,6.0,0.0,4.0,1.0,2.0,0.628333,0.595346,0.688333,0.206471,3767.0
168.0,2.0,0.0,6.0,0.0,5.0,1.0,1.0,0.649167,0.600383,0.735833,0.143029,4844.0
169.0,2.0,0.0,6.0,0.0,6.0,0.0,1.0,0.696667,0.643954,0.670417,0.1194079999999999,5119.0
170.0,2.0,0.0,6.0,0.0,0.0,0.0,2.0,0.699167,0.645846,0.666667,0.102,4744.0
171.0,2.0,0.0,6.0,0.0,1.0,1.0,2.0,0.635,0.595346,0.74625,0.155475,4010.0
172.0,3.0,0.0,6.0,0.0,2.0,1.0,2.0,0.680833,0.637646,0.770417,0.171025,4835.0
173.0,3.0,0.0,6.0,0.0,3.0,1.0,1.0,0.733333,0.693829,0.7075,0.172262,4507.0
174.0,3.0,0.0,6.0,0.0,4.0,1.0,2.0,0.728333,0.693833,0.703333,0.238804,4790.0
175.0,3.0,0.0,6.0,0.0,5.0,1.0,1.0,0.724167,0.656583,0.573333,0.222025,4991.0
176.0,3.0,0.0,6.0,0.0,6.0,0.0,1.0,0.695,0.643313,0.483333,0.209571,5202.0
177.0,3.0,0.0,6.0,0.0,0.0,0.0,1.0,0.68,0.637629,0.513333,0.0945333,5305.0
178.0,3.0,0.0,6.0,0.0,1.0,1.0,2.0,0.6825,0.637004,0.658333,0.107588,4708.0
179.0,3.0,0.0,6.0,0.0,2.0,1.0,1.0,0.744167,0.692558,0.634167,0.144283,4648.0
180.0,3.0,0.0,6.0,0.0,3.0,1.0,1.0,0.728333,0.654688,0.497917,0.261821,5225.0
181.0,3.0,0.0,6.0,0.0,4.0,1.0,1.0,0.696667,0.637008,0.434167,0.1853119999999999,5515.0
182.0,3.0,0.0,7.0,0.0,5.0,1.0,1.0,0.7225,0.652162,0.39625,0.1026079999999999,5362.0
183.0,3.0,0.0,7.0,0.0,6.0,0.0,1.0,0.738333,0.667308,0.444583,0.1150619999999999,5119.0
184.0,3.0,0.0,7.0,0.0,0.0,0.0,2.0,0.716667,0.668575,0.6825,0.228858,4649.0
185.0,3.0,0.0,7.0,1.0,1.0,0.0,2.0,0.726667,0.665417,0.637917,0.0814791999999999,6043.0
186.0,3.0,0.0,7.0,0.0,2.0,1.0,1.0,0.746667,0.696338,0.590417,0.1262579999999999,4665.0
187.0,3.0,0.0,7.0,0.0,3.0,1.0,1.0,0.72,0.685633,0.743333,0.149883,4629.0
188.0,3.0,0.0,7.0,0.0,4.0,1.0,1.0,0.75,0.686871,0.65125,0.1592,4592.0
189.0,3.0,0.0,7.0,0.0,5.0,1.0,2.0,0.709167,0.6704829999999999,0.757917,0.225129,4040.0
190.0,3.0,0.0,7.0,0.0,6.0,0.0,1.0,0.733333,0.664158,0.609167,0.1679119999999999,5336.0
191.0,3.0,0.0,7.0,0.0,0.0,0.0,1.0,0.7475,0.690025,0.578333,0.183471,4881.0
192.0,3.0,0.0,7.0,0.0,1.0,1.0,1.0,0.7625,0.729804,0.635833,0.282337,4086.0
193.0,3.0,0.0,7.0,0.0,2.0,1.0,1.0,0.794167,0.739275,0.559167,0.200254,4258.0
194.0,3.0,0.0,7.0,0.0,3.0,1.0,1.0,0.746667,0.689404,0.631667,0.1461329999999999,4342.0
195.0,3.0,0.0,7.0,0.0,4.0,1.0,1.0,0.680833,0.635104,0.47625,0.240667,5084.0
196.0,3.0,0.0,7.0,0.0,5.0,1.0,1.0,0.663333,0.624371,0.59125,0.182833,5538.0
197.0,3.0,0.0,7.0,0.0,6.0,0.0,1.0,0.686667,0.638263,0.585,0.208342,5923.0
198.0,3.0,0.0,7.0,0.0,0.0,0.0,1.0,0.719167,0.669833,0.604167,0.245033,5302.0
199.0,3.0,0.0,7.0,0.0,1.0,1.0,1.0,0.746667,0.703925,0.65125,0.215804,4458.0
200.0,3.0,0.0,7.0,0.0,2.0,1.0,1.0,0.776667,0.747479,0.650417,0.1306,4541.0
201.0,3.0,0.0,7.0,0.0,3.0,1.0,1.0,0.768333,0.74685,0.707083,0.113817,4332.0
202.0,3.0,0.0,7.0,0.0,4.0,1.0,2.0,0.815,0.826371,0.69125,0.222021,3784.0
203.0,3.0,0.0,7.0,0.0,5.0,1.0,1.0,0.848333,0.8408959999999999,0.580417,0.1331,3387.0
204.0,3.0,0.0,7.0,0.0,6.0,0.0,1.0,0.849167,0.804287,0.5,0.131221,3285.0
205.0,3.0,0.0,7.0,0.0,0.0,0.0,1.0,0.83,0.794829,0.550833,0.169171,3606.0
206.0,3.0,0.0,7.0,0.0,1.0,1.0,1.0,0.743333,0.720958,0.757083,0.0908083,3840.0
207.0,3.0,0.0,7.0,0.0,2.0,1.0,1.0,0.771667,0.696979,0.540833,0.200258,4590.0
208.0,3.0,0.0,7.0,0.0,3.0,1.0,1.0,0.775,0.690667,0.402917,0.183463,4656.0
209.0,3.0,0.0,7.0,0.0,4.0,1.0,1.0,0.779167,0.7399,0.583333,0.178479,4390.0
210.0,3.0,0.0,7.0,0.0,5.0,1.0,1.0,0.838333,0.785967,0.5425,0.174138,3846.0
211.0,3.0,0.0,7.0,0.0,6.0,0.0,1.0,0.804167,0.728537,0.465833,0.168537,4475.0
212.0,3.0,0.0,7.0,0.0,0.0,0.0,1.0,0.805833,0.729796,0.480833,0.164813,4302.0
213.0,3.0,0.0,8.0,0.0,1.0,1.0,1.0,0.771667,0.703292,0.550833,0.156717,4266.0
215.0,3.0,0.0,8.0,0.0,3.0,1.0,2.0,0.731667,0.679937,0.6575,0.1355829999999999,3574.0
216.0,3.0,0.0,8.0,0.0,4.0,1.0,2.0,0.71,0.664788,0.7575,0.19715,4576.0
217.0,3.0,0.0,8.0,0.0,5.0,1.0,1.0,0.710833,0.656567,0.630833,0.184696,4866.0
218.0,3.0,0.0,8.0,0.0,6.0,0.0,2.0,0.716667,0.676154,0.755,0.22825,4294.0
219.0,3.0,0.0,8.0,0.0,0.0,0.0,1.0,0.7425,0.715292,0.7529170000000001,0.201487,3785.0
220.0,3.0,0.0,8.0,0.0,1.0,1.0,1.0,0.765,0.703283,0.592083,0.192175,4326.0
221.0,3.0,0.0,8.0,0.0,2.0,1.0,1.0,0.775,0.724121,0.570417,0.151121,4602.0
222.0,3.0,0.0,8.0,0.0,3.0,1.0,1.0,0.766667,0.684983,0.424167,0.200258,4780.0
223.0,3.0,0.0,8.0,0.0,4.0,1.0,1.0,0.7175,0.651521,0.42375,0.164796,4792.0
224.0,3.0,0.0,8.0,0.0,5.0,1.0,1.0,0.708333,0.654042,0.415,0.125621,4905.0
225.0,3.0,0.0,8.0,0.0,6.0,0.0,2.0,0.685833,0.645858,0.729583,0.211454,4150.0
226.0,3.0,0.0,8.0,0.0,0.0,0.0,2.0,0.676667,0.624388,0.8175,0.222633,3820.0
227.0,3.0,0.0,8.0,0.0,1.0,1.0,1.0,0.665833,0.616167,0.712083,0.208954,4338.0
228.0,3.0,0.0,8.0,0.0,2.0,1.0,1.0,0.700833,0.645837,0.578333,0.2363289999999999,4725.0
229.0,3.0,0.0,8.0,0.0,3.0,1.0,1.0,0.723333,0.666671,0.575417,0.143667,4694.0
230.0,3.0,0.0,8.0,0.0,4.0,1.0,1.0,0.711667,0.662258,0.654583,0.233208,3805.0
231.0,3.0,0.0,8.0,0.0,5.0,1.0,2.0,0.685,0.633221,0.722917,0.139308,4153.0
232.0,3.0,0.0,8.0,0.0,6.0,0.0,1.0,0.6975,0.648996,0.674167,0.104467,5191.0
233.0,3.0,0.0,8.0,0.0,0.0,0.0,1.0,0.710833,0.675525,0.77,0.248754,3873.0
234.0,3.0,0.0,8.0,0.0,1.0,1.0,1.0,0.691667,0.638254,0.47,0.27675,4758.0
235.0,3.0,0.0,8.0,0.0,2.0,1.0,1.0,0.640833,0.606067,0.455417,0.146763,5895.0
236.0,3.0,0.0,8.0,0.0,3.0,1.0,1.0,0.673333,0.630692,0.605,0.253108,5130.0
237.0,3.0,0.0,8.0,0.0,4.0,1.0,2.0,0.684167,0.645854,0.771667,0.210833,3542.0
238.0,3.0,0.0,8.0,0.0,5.0,1.0,1.0,0.7,0.659733,0.76125,0.0839625,4661.0
239.0,3.0,0.0,8.0,0.0,6.0,0.0,2.0,0.68,0.635556,0.85,0.375617,1115.0
240.0,3.0,0.0,8.0,0.0,0.0,0.0,1.0,0.707059,0.6479590000000001,0.561765,0.304659,4334.0
241.0,3.0,0.0,8.0,0.0,1.0,1.0,1.0,0.636667,0.607958,0.554583,0.159825,4634.0
242.0,3.0,0.0,8.0,0.0,2.0,1.0,1.0,0.639167,0.594704,0.548333,0.1250079999999999,5204.0
243.0,3.0,0.0,8.0,0.0,3.0,1.0,1.0,0.656667,0.611121,0.597917,0.0833333,5058.0
244.0,3.0,0.0,9.0,0.0,4.0,1.0,1.0,0.655,0.614921,0.639167,0.141796,5115.0
245.0,3.0,0.0,9.0,0.0,5.0,1.0,2.0,0.643333,0.604808,0.727083,0.139929,4727.0
246.0,3.0,0.0,9.0,0.0,6.0,0.0,1.0,0.669167,0.633213,0.716667,0.185325,4484.0
247.0,3.0,0.0,9.0,0.0,0.0,0.0,1.0,0.709167,0.665429,0.742083,0.206467,4940.0
248.0,3.0,0.0,9.0,1.0,1.0,0.0,2.0,0.673333,0.625646,0.790417,0.212696,3351.0
249.0,3.0,0.0,9.0,0.0,2.0,1.0,3.0,0.54,0.5152,0.886957,0.343943,2710.0
250.0,3.0,0.0,9.0,0.0,3.0,1.0,3.0,0.599167,0.544229,0.917083,0.0970208,1996.0
251.0,3.0,0.0,9.0,0.0,4.0,1.0,3.0,0.6339130000000001,0.555361,0.939565,0.192748,1842.0
252.0,3.0,0.0,9.0,0.0,5.0,1.0,2.0,0.65,0.578946,0.897917,0.1243789999999999,3544.0
253.0,3.0,0.0,9.0,0.0,6.0,0.0,1.0,0.66,0.607962,0.75375,0.153608,5345.0
254.0,3.0,0.0,9.0,0.0,0.0,0.0,1.0,0.6533329999999999,0.609229,0.71375,0.1150539999999999,5046.0
255.0,3.0,0.0,9.0,0.0,1.0,1.0,1.0,0.6443479999999999,0.60213,0.692174,0.088913,4713.0
256.0,3.0,0.0,9.0,0.0,2.0,1.0,1.0,0.650833,0.603554,0.7125,0.1418039999999999,4763.0
257.0,3.0,0.0,9.0,0.0,3.0,1.0,1.0,0.673333,0.6269,0.697083,0.1673,4785.0
258.0,3.0,0.0,9.0,0.0,4.0,1.0,2.0,0.5775,0.553671,0.709167,0.271146,3659.0
259.0,3.0,0.0,9.0,0.0,5.0,1.0,2.0,0.469167,0.461475,0.590417,0.164183,4760.0
260.0,3.0,0.0,9.0,0.0,6.0,0.0,2.0,0.491667,0.478512,0.718333,0.189675,4511.0
261.0,3.0,0.0,9.0,0.0,0.0,0.0,1.0,0.5075,0.490537,0.695,0.178483,4274.0
262.0,3.0,0.0,9.0,0.0,1.0,1.0,2.0,0.549167,0.529675,0.69,0.151742,4539.0
263.0,3.0,0.0,9.0,0.0,2.0,1.0,2.0,0.561667,0.532217,0.88125,0.134954,3641.0
264.0,3.0,0.0,9.0,0.0,3.0,1.0,2.0,0.595,0.5505329999999999,0.9,0.0964042,4352.0
265.0,3.0,0.0,9.0,0.0,4.0,1.0,2.0,0.628333,0.554963,0.902083,0.128125,4795.0
266.0,4.0,0.0,9.0,0.0,5.0,1.0,2.0,0.609167,0.522125,0.9725,0.0783667,2395.0
267.0,4.0,0.0,9.0,0.0,6.0,0.0,2.0,0.606667,0.564412,0.8625,0.0783833,5423.0
268.0,4.0,0.0,9.0,0.0,0.0,0.0,2.0,0.634167,0.572637,0.845,0.0503792,5010.0
269.0,4.0,0.0,9.0,0.0,1.0,1.0,2.0,0.649167,0.589042,0.848333,0.1107,4630.0
270.0,4.0,0.0,9.0,0.0,2.0,1.0,2.0,0.636667,0.574525,0.885417,0.118171,4120.0
271.0,4.0,0.0,9.0,0.0,3.0,1.0,2.0,0.635,0.575158,0.84875,0.1486289999999999,3907.0
272.0,4.0,0.0,9.0,0.0,4.0,1.0,1.0,0.616667,0.574512,0.699167,0.1728829999999999,4839.0
273.0,4.0,0.0,9.0,0.0,5.0,1.0,1.0,0.564167,0.544829,0.6475,0.206475,5202.0
274.0,4.0,0.0,10.0,0.0,6.0,0.0,2.0,0.41,0.412863,0.75375,0.292296,2429.0
275.0,4.0,0.0,10.0,0.0,0.0,0.0,2.0,0.356667,0.345317,0.791667,0.222013,2918.0
276.0,4.0,0.0,10.0,0.0,1.0,1.0,2.0,0.384167,0.392046,0.760833,0.0833458,3570.0
277.0,4.0,0.0,10.0,0.0,2.0,1.0,1.0,0.484167,0.472858,0.71,0.205854,4456.0
278.0,4.0,0.0,10.0,0.0,3.0,1.0,1.0,0.538333,0.527138,0.647917,0.17725,4826.0
279.0,4.0,0.0,10.0,0.0,4.0,1.0,1.0,0.494167,0.480425,0.620833,0.134954,4765.0
280.0,4.0,0.0,10.0,0.0,5.0,1.0,1.0,0.510833,0.504404,0.684167,0.0223917,4985.0
281.0,4.0,0.0,10.0,0.0,6.0,0.0,1.0,0.521667,0.513242,0.70125,0.0454042,5409.0
282.0,4.0,0.0,10.0,0.0,0.0,0.0,1.0,0.540833,0.523983,0.7275,0.06345,5511.0
283.0,4.0,0.0,10.0,1.0,1.0,0.0,1.0,0.570833,0.542925,0.73375,0.0423042,5117.0
284.0,4.0,0.0,10.0,0.0,2.0,1.0,2.0,0.566667,0.546096,0.80875,0.143042,4563.0
285.0,4.0,0.0,10.0,0.0,3.0,1.0,3.0,0.543333,0.517717,0.90625,0.24815,2416.0
286.0,4.0,0.0,10.0,0.0,4.0,1.0,2.0,0.589167,0.551804,0.896667,0.141787,2913.0
287.0,4.0,0.0,10.0,0.0,5.0,1.0,2.0,0.550833,0.529675,0.71625,0.223883,3644.0
288.0,4.0,0.0,10.0,0.0,6.0,0.0,1.0,0.506667,0.498725,0.483333,0.258083,5217.0
289.0,4.0,0.0,10.0,0.0,0.0,0.0,1.0,0.511667,0.503154,0.486667,0.281717,5041.0
290.0,4.0,0.0,10.0,0.0,1.0,1.0,1.0,0.5341670000000001,0.510725,0.579583,0.175379,4570.0
291.0,4.0,0.0,10.0,0.0,2.0,1.0,2.0,0.5325,0.522721,0.701667,0.1100869999999999,4748.0
292.0,4.0,0.0,10.0,0.0,3.0,1.0,3.0,0.5417390000000001,0.513848,0.895217,0.243339,2424.0
293.0,4.0,0.0,10.0,0.0,4.0,1.0,1.0,0.475833,0.466525,0.63625,0.422275,4195.0
294.0,4.0,0.0,10.0,0.0,5.0,1.0,1.0,0.4275,0.423596,0.574167,0.221396,4304.0
295.0,4.0,0.0,10.0,0.0,6.0,0.0,1.0,0.4225,0.425492,0.629167,0.0926666999999999,4308.0
296.0,4.0,0.0,10.0,0.0,0.0,0.0,1.0,0.421667,0.422333,0.74125,0.0995125,4381.0
297.0,4.0,0.0,10.0,0.0,1.0,1.0,1.0,0.463333,0.457067,0.772083,0.118792,4187.0
298.0,4.0,0.0,10.0,0.0,2.0,1.0,1.0,0.471667,0.463375,0.622917,0.166658,4687.0
300.0,4.0,0.0,10.0,0.0,4.0,1.0,2.0,0.47,0.457046,0.812917,0.197763,2659.0
301.0,4.0,0.0,10.0,0.0,5.0,1.0,2.0,0.330833,0.318812,0.585833,0.229479,3747.0
302.0,4.0,0.0,10.0,0.0,6.0,0.0,3.0,0.254167,0.227913,0.8825,0.351371,627.0
303.0,4.0,0.0,10.0,0.0,0.0,0.0,1.0,0.319167,0.321329,0.62375,0.176617,3331.0
304.0,4.0,0.0,10.0,0.0,1.0,1.0,1.0,0.34,0.356063,0.703333,0.10635,3669.0
305.0,4.0,0.0,11.0,0.0,2.0,1.0,1.0,0.400833,0.397088,0.68375,0.135571,4068.0
306.0,4.0,0.0,11.0,0.0,3.0,1.0,1.0,0.3775,0.390133,0.71875,0.0820916999999999,4186.0
307.0,4.0,0.0,11.0,0.0,4.0,1.0,1.0,0.408333,0.405921,0.702083,0.136817,3974.0
308.0,4.0,0.0,11.0,0.0,5.0,1.0,2.0,0.403333,0.403392,0.6225,0.271779,4046.0
309.0,4.0,0.0,11.0,0.0,6.0,0.0,1.0,0.326667,0.323854,0.519167,0.1890619999999999,3926.0
310.0,4.0,0.0,11.0,0.0,0.0,0.0,1.0,0.348333,0.362358,0.734583,0.0920541999999999,3649.0
311.0,4.0,0.0,11.0,0.0,1.0,1.0,1.0,0.395,0.400871,0.75875,0.057225,4035.0
312.0,4.0,0.0,11.0,0.0,2.0,1.0,1.0,0.408333,0.412246,0.7216670000000001,0.0690375,4205.0
313.0,4.0,0.0,11.0,0.0,3.0,1.0,1.0,0.4,0.4090789999999999,0.758333,0.0621958,4109.0
314.0,4.0,0.0,11.0,0.0,4.0,1.0,2.0,0.38,0.373721,0.813333,0.189067,2933.0
315.0,4.0,0.0,11.0,1.0,5.0,0.0,1.0,0.324167,0.306817,0.44625,0.314675,3368.0
316.0,4.0,0.0,11.0,0.0,6.0,0.0,1.0,0.356667,0.357942,0.552917,0.212062,4067.0
317.0,4.0,0.0,11.0,0.0,0.0,0.0,1.0,0.440833,0.43055,0.458333,0.281721,3717.0
318.0,4.0,0.0,11.0,0.0,1.0,1.0,1.0,0.53,0.524612,0.587083,0.306596,4486.0
319.0,4.0,0.0,11.0,0.0,2.0,1.0,2.0,0.53,0.507579,0.68875,0.199633,4195.0
320.0,4.0,0.0,11.0,0.0,3.0,1.0,3.0,0.456667,0.451988,0.93,0.136829,1817.0
321.0,4.0,0.0,11.0,0.0,4.0,1.0,2.0,0.341667,0.323221,0.575833,0.3053619999999999,3053.0
322.0,4.0,0.0,11.0,0.0,5.0,1.0,1.0,0.274167,0.272721,0.41,0.168533,3392.0
323.0,4.0,0.0,11.0,0.0,6.0,0.0,1.0,0.329167,0.3244829999999999,0.502083,0.224496,3663.0
324.0,4.0,0.0,11.0,0.0,0.0,0.0,2.0,0.463333,0.457058,0.6845829999999999,0.18595,3520.0
325.0,4.0,0.0,11.0,0.0,1.0,1.0,3.0,0.4475,0.445062,0.91,0.138054,2765.0
326.0,4.0,0.0,11.0,0.0,2.0,1.0,3.0,0.416667,0.421696,0.9625,0.118792,1607.0
327.0,4.0,0.0,11.0,0.0,3.0,1.0,2.0,0.440833,0.430537,0.757917,0.335825,2566.0
328.0,4.0,0.0,11.0,1.0,4.0,0.0,1.0,0.3733329999999999,0.372471,0.549167,0.167304,1495.0
329.0,4.0,0.0,11.0,0.0,5.0,1.0,1.0,0.375,0.380671,0.64375,0.0988958,2792.0
330.0,4.0,0.0,11.0,0.0,6.0,0.0,1.0,0.375833,0.385087,0.681667,0.0684208,3068.0
331.0,4.0,0.0,11.0,0.0,0.0,0.0,1.0,0.459167,0.4558,0.698333,0.208954,3071.0
332.0,4.0,0.0,11.0,0.0,1.0,1.0,1.0,0.503478,0.490122,0.743043,0.142122,3867.0
333.0,4.0,0.0,11.0,0.0,2.0,1.0,2.0,0.458333,0.451375,0.830833,0.258092,2914.0
334.0,4.0,0.0,11.0,0.0,3.0,1.0,1.0,0.325,0.311221,0.613333,0.271158,3613.0
335.0,4.0,0.0,12.0,0.0,4.0,1.0,1.0,0.3125,0.305554,0.524583,0.220158,3727.0
336.0,4.0,0.0,12.0,0.0,5.0,1.0,1.0,0.314167,0.331433,0.625833,0.100754,3940.0
337.0,4.0,0.0,12.0,0.0,6.0,0.0,1.0,0.299167,0.310604,0.612917,0.0957833,3614.0
338.0,4.0,0.0,12.0,0.0,0.0,0.0,1.0,0.330833,0.3491,0.775833,0.0839583,3485.0
339.0,4.0,0.0,12.0,0.0,1.0,1.0,2.0,0.385833,0.393925,0.827083,0.0622083,3811.0
340.0,4.0,0.0,12.0,0.0,2.0,1.0,3.0,0.4625,0.4564,0.949583,0.2325829999999999,2594.0
341.0,4.0,0.0,12.0,0.0,3.0,1.0,3.0,0.41,0.400246,0.970417,0.266175,705.0
342.0,4.0,0.0,12.0,0.0,4.0,1.0,1.0,0.265833,0.256938,0.58,0.240058,3322.0
343.0,4.0,0.0,12.0,0.0,5.0,1.0,1.0,0.290833,0.317542,0.695833,0.0827166999999999,3620.0
344.0,4.0,0.0,12.0,0.0,6.0,0.0,1.0,0.275,0.266412,0.5075,0.233221,3190.0
345.0,4.0,0.0,12.0,0.0,0.0,0.0,1.0,0.220833,0.253154,0.49,0.0665417,2743.0
346.0,4.0,0.0,12.0,0.0,1.0,1.0,1.0,0.238333,0.270196,0.670833,0.06345,3310.0
347.0,4.0,0.0,12.0,0.0,2.0,1.0,1.0,0.2825,0.301138,0.59,0.14055,3523.0
348.0,4.0,0.0,12.0,0.0,3.0,1.0,2.0,0.3175,0.338362,0.66375,0.0609583,3740.0
349.0,4.0,0.0,12.0,0.0,4.0,1.0,2.0,0.4225,0.4122369999999999,0.634167,0.268042,3709.0
350.0,4.0,0.0,12.0,0.0,5.0,1.0,2.0,0.375,0.359825,0.500417,0.260575,3577.0
351.0,4.0,0.0,12.0,0.0,6.0,0.0,2.0,0.258333,0.249371,0.560833,0.243167,2739.0
352.0,4.0,0.0,12.0,0.0,0.0,0.0,1.0,0.238333,0.245579,0.58625,0.1697789999999999,2431.0
353.0,4.0,0.0,12.0,0.0,1.0,1.0,1.0,0.276667,0.280933,0.6375,0.172896,3403.0
354.0,4.0,0.0,12.0,0.0,2.0,1.0,2.0,0.385833,0.396454,0.595417,0.0615708,3750.0
355.0,1.0,0.0,12.0,0.0,3.0,1.0,2.0,0.428333,0.428017,0.858333,0.2214,2660.0
356.0,1.0,0.0,12.0,0.0,4.0,1.0,2.0,0.423333,0.426121,0.7575,0.047275,3068.0
357.0,1.0,0.0,12.0,0.0,5.0,1.0,1.0,0.3733329999999999,0.377513,0.68625,0.274246,2209.0
358.0,1.0,0.0,12.0,0.0,6.0,0.0,1.0,0.3025,0.299242,0.5425,0.190304,1011.0
359.0,1.0,0.0,12.0,0.0,0.0,0.0,1.0,0.274783,0.279961,0.681304,0.155091,754.0
360.0,1.0,0.0,12.0,1.0,1.0,0.0,1.0,0.321739,0.315535,0.506957,0.239465,1317.0
361.0,1.0,0.0,12.0,0.0,2.0,1.0,2.0,0.325,0.327633,0.7625,0.18845,1162.0
362.0,1.0,0.0,12.0,0.0,3.0,1.0,1.0,0.29913,0.279974,0.503913,0.293961,2302.0
363.0,1.0,0.0,12.0,0.0,4.0,1.0,1.0,0.248333,0.263892,0.574167,0.1194119999999999,2423.0
364.0,1.0,0.0,12.0,0.0,5.0,1.0,1.0,0.311667,0.318812,0.636667,0.1343369999999999,2999.0
365.0,1.0,0.0,12.0,0.0,6.0,0.0,1.0,0.41,0.414121,0.615833,0.220154,2485.0
366.0,1.0,1.0,1.0,0.0,0.0,0.0,1.0,0.37,0.375621,0.6925,0.192167,2294.0
367.0,1.0,1.0,1.0,1.0,1.0,0.0,1.0,0.273043,0.252304,0.381304,0.329665,1951.0
368.0,1.0,1.0,1.0,0.0,2.0,1.0,1.0,0.15,0.126275,0.44125,0.365671,2236.0
369.0,1.0,1.0,1.0,0.0,3.0,1.0,2.0,0.1075,0.1193369999999999,0.414583,0.1847,2368.0
370.0,1.0,1.0,1.0,0.0,4.0,1.0,1.0,0.265833,0.278412,0.524167,0.129987,3272.0
371.0,1.0,1.0,1.0,0.0,5.0,1.0,1.0,0.334167,0.340267,0.542083,0.167908,4098.0
372.0,1.0,1.0,1.0,0.0,6.0,0.0,1.0,0.393333,0.390779,0.531667,0.174758,4521.0
373.0,1.0,1.0,1.0,0.0,0.0,0.0,1.0,0.3375,0.340258,0.465,0.191542,3425.0
374.0,1.0,1.0,1.0,0.0,1.0,1.0,2.0,0.224167,0.247479,0.701667,0.0989,2376.0
375.0,1.0,1.0,1.0,0.0,2.0,1.0,1.0,0.308696,0.318826,0.646522,0.187552,3598.0
376.0,1.0,1.0,1.0,0.0,3.0,1.0,2.0,0.274167,0.282821,0.8475,0.131221,2177.0
377.0,1.0,1.0,1.0,0.0,4.0,1.0,2.0,0.3825,0.381938,0.802917,0.180967,4097.0
378.0,1.0,1.0,1.0,0.0,5.0,1.0,1.0,0.274167,0.249362,0.5075,0.378108,3214.0
379.0,1.0,1.0,1.0,0.0,6.0,0.0,1.0,0.18,0.183087,0.4575,0.187183,2493.0
380.0,1.0,1.0,1.0,0.0,0.0,0.0,1.0,0.166667,0.161625,0.419167,0.251258,2311.0
381.0,1.0,1.0,1.0,1.0,1.0,0.0,1.0,0.19,0.190663,0.5225,0.2313579999999999,2298.0
382.0,1.0,1.0,1.0,0.0,2.0,1.0,2.0,0.3730429999999999,0.364278,0.716087,0.34913,2935.0
383.0,1.0,1.0,1.0,0.0,3.0,1.0,1.0,0.303333,0.275254,0.443333,0.415429,3376.0
384.0,1.0,1.0,1.0,0.0,4.0,1.0,1.0,0.19,0.190038,0.4975,0.220158,3292.0
385.0,1.0,1.0,1.0,0.0,5.0,1.0,2.0,0.2175,0.220958,0.45,0.20275,3163.0
386.0,1.0,1.0,1.0,0.0,6.0,0.0,2.0,0.173333,0.174875,0.83125,0.222642,1301.0
387.0,1.0,1.0,1.0,0.0,0.0,0.0,2.0,0.1625,0.16225,0.79625,0.199638,1977.0
388.0,1.0,1.0,1.0,0.0,1.0,1.0,2.0,0.218333,0.243058,0.91125,0.1107079999999999,2432.0
390.0,1.0,1.0,1.0,0.0,3.0,1.0,1.0,0.294167,0.294821,0.64375,0.161071,4270.0
391.0,1.0,1.0,1.0,0.0,4.0,1.0,2.0,0.341667,0.35605,0.769583,0.0733958,4075.0
392.0,1.0,1.0,1.0,0.0,5.0,1.0,2.0,0.425,0.415383,0.74125,0.342667,3456.0
393.0,1.0,1.0,1.0,0.0,6.0,0.0,1.0,0.315833,0.326379,0.543333,0.210829,4023.0
394.0,1.0,1.0,1.0,0.0,0.0,0.0,1.0,0.2825,0.272721,0.31125,0.24005,3243.0
395.0,1.0,1.0,1.0,0.0,1.0,1.0,1.0,0.269167,0.262625,0.400833,0.215792,3624.0
396.0,1.0,1.0,1.0,0.0,2.0,1.0,1.0,0.39,0.381317,0.416667,0.261817,4509.0
397.0,1.0,1.0,2.0,0.0,3.0,1.0,1.0,0.469167,0.466538,0.507917,0.189067,4579.0
398.0,1.0,1.0,2.0,0.0,4.0,1.0,2.0,0.399167,0.398971,0.672917,0.187187,3761.0
399.0,1.0,1.0,2.0,0.0,5.0,1.0,1.0,0.313333,0.309346,0.526667,0.178496,4151.0
400.0,1.0,1.0,2.0,0.0,6.0,0.0,2.0,0.264167,0.272725,0.779583,0.121896,2832.0
401.0,1.0,1.0,2.0,0.0,0.0,0.0,2.0,0.265833,0.264521,0.687917,0.175996,2947.0
402.0,1.0,1.0,2.0,0.0,1.0,1.0,1.0,0.282609,0.296426,0.622174,0.1538,3784.0
403.0,1.0,1.0,2.0,0.0,2.0,1.0,1.0,0.354167,0.361104,0.49625,0.147379,4375.0
404.0,1.0,1.0,2.0,0.0,3.0,1.0,2.0,0.256667,0.266421,0.722917,0.133721,2802.0
405.0,1.0,1.0,2.0,0.0,4.0,1.0,1.0,0.265,0.261988,0.562083,0.194037,3830.0
406.0,1.0,1.0,2.0,0.0,5.0,1.0,2.0,0.280833,0.293558,0.54,0.1169289999999999,3831.0
407.0,1.0,1.0,2.0,0.0,6.0,0.0,3.0,0.224167,0.210867,0.73125,0.289796,2169.0
408.0,1.0,1.0,2.0,0.0,0.0,0.0,1.0,0.1275,0.101658,0.4645829999999999,0.4092119999999999,1529.0
409.0,1.0,1.0,2.0,0.0,1.0,1.0,1.0,0.2225,0.227913,0.41125,0.167283,3422.0
410.0,1.0,1.0,2.0,0.0,2.0,1.0,2.0,0.319167,0.333946,0.50875,0.141179,3922.0
411.0,1.0,1.0,2.0,0.0,3.0,1.0,1.0,0.348333,0.3516289999999999,0.53125,0.1816,4169.0
412.0,1.0,1.0,2.0,0.0,4.0,1.0,2.0,0.316667,0.330162,0.7529170000000001,0.091425,3005.0
413.0,1.0,1.0,2.0,0.0,5.0,1.0,1.0,0.343333,0.3516289999999999,0.634583,0.205846,4154.0
414.0,1.0,1.0,2.0,0.0,6.0,0.0,1.0,0.346667,0.355425,0.534583,0.190929,4318.0
415.0,1.0,1.0,2.0,0.0,0.0,0.0,2.0,0.28,0.265788,0.515833,0.253112,2689.0
416.0,1.0,1.0,2.0,1.0,1.0,0.0,1.0,0.28,0.273391,0.507826,0.2290829999999999,3129.0
417.0,1.0,1.0,2.0,0.0,2.0,1.0,1.0,0.287826,0.295113,0.594348,0.205717,3777.0
418.0,1.0,1.0,2.0,0.0,3.0,1.0,1.0,0.395833,0.392667,0.567917,0.234471,4773.0
419.0,1.0,1.0,2.0,0.0,4.0,1.0,1.0,0.454167,0.444446,0.554583,0.190913,5062.0
420.0,1.0,1.0,2.0,0.0,5.0,1.0,2.0,0.4075,0.410971,0.7375,0.237567,3487.0
421.0,1.0,1.0,2.0,0.0,6.0,0.0,1.0,0.290833,0.255675,0.395833,0.421642,2732.0
422.0,1.0,1.0,2.0,0.0,0.0,0.0,1.0,0.279167,0.268308,0.41,0.205229,3389.0
423.0,1.0,1.0,2.0,0.0,1.0,1.0,1.0,0.366667,0.357954,0.490833,0.2680329999999999,4322.0
424.0,1.0,1.0,2.0,0.0,2.0,1.0,1.0,0.359167,0.353525,0.395833,0.193417,4363.0
425.0,1.0,1.0,2.0,0.0,3.0,1.0,2.0,0.344348,0.34847,0.804783,0.179117,1834.0
426.0,1.0,1.0,3.0,0.0,4.0,1.0,1.0,0.485833,0.475371,0.615417,0.226987,4990.0
427.0,1.0,1.0,3.0,0.0,5.0,1.0,2.0,0.353333,0.359842,0.657083,0.144904,3194.0
428.0,1.0,1.0,3.0,0.0,6.0,0.0,2.0,0.414167,0.413492,0.62125,0.161079,4066.0
429.0,1.0,1.0,3.0,0.0,0.0,0.0,1.0,0.325833,0.303021,0.403333,0.334571,3423.0
430.0,1.0,1.0,3.0,0.0,1.0,1.0,1.0,0.243333,0.241171,0.50625,0.228858,3333.0
431.0,1.0,1.0,3.0,0.0,2.0,1.0,1.0,0.258333,0.255042,0.456667,0.200875,3956.0
432.0,1.0,1.0,3.0,0.0,3.0,1.0,1.0,0.404167,0.3851,0.513333,0.345779,4916.0
433.0,1.0,1.0,3.0,0.0,4.0,1.0,1.0,0.5275,0.524604,0.5675,0.441563,5382.0
434.0,1.0,1.0,3.0,0.0,5.0,1.0,2.0,0.410833,0.397083,0.407083,0.4148,4569.0
435.0,1.0,1.0,3.0,0.0,6.0,0.0,1.0,0.2875,0.277767,0.350417,0.22575,4118.0
436.0,1.0,1.0,3.0,0.0,0.0,0.0,1.0,0.361739,0.35967,0.4769569999999999,0.2225869999999999,4911.0
437.0,1.0,1.0,3.0,0.0,1.0,1.0,1.0,0.466667,0.459592,0.489167,0.207713,5298.0
438.0,1.0,1.0,3.0,0.0,2.0,1.0,1.0,0.565,0.542929,0.6175,0.23695,5847.0
439.0,1.0,1.0,3.0,0.0,3.0,1.0,1.0,0.5725,0.548617,0.507083,0.1150619999999999,6312.0
440.0,1.0,1.0,3.0,0.0,4.0,1.0,1.0,0.5575,0.532825,0.579583,0.149883,6192.0
441.0,1.0,1.0,3.0,0.0,5.0,1.0,2.0,0.4358329999999999,0.436229,0.842083,0.113192,4378.0
442.0,1.0,1.0,3.0,0.0,6.0,0.0,2.0,0.514167,0.505046,0.755833,0.110704,7836.0
443.0,1.0,1.0,3.0,0.0,0.0,0.0,2.0,0.4725,0.4639999999999999,0.81,0.126883,5892.0
444.0,1.0,1.0,3.0,0.0,1.0,1.0,1.0,0.545,0.532821,0.72875,0.162317,6153.0
445.0,1.0,1.0,3.0,0.0,2.0,1.0,1.0,0.560833,0.538533,0.807917,0.121271,6093.0
446.0,2.0,1.0,3.0,0.0,3.0,1.0,2.0,0.531667,0.513258,0.82125,0.0895583,6230.0
447.0,2.0,1.0,3.0,0.0,4.0,1.0,1.0,0.554167,0.531567,0.83125,0.1175619999999999,6871.0
448.0,2.0,1.0,3.0,0.0,5.0,1.0,2.0,0.601667,0.570067,0.694167,0.1163,8362.0
449.0,2.0,1.0,3.0,0.0,6.0,0.0,2.0,0.5025,0.4867329999999999,0.885417,0.1927829999999999,3372.0
450.0,2.0,1.0,3.0,0.0,0.0,0.0,2.0,0.4375,0.437488,0.880833,0.220775,4996.0
451.0,2.0,1.0,3.0,0.0,1.0,1.0,1.0,0.445833,0.43875,0.477917,0.386821,5558.0
452.0,2.0,1.0,3.0,0.0,2.0,1.0,1.0,0.323333,0.315654,0.29,0.187192,5102.0
453.0,2.0,1.0,3.0,0.0,3.0,1.0,1.0,0.484167,0.47095,0.48125,0.291671,5698.0
454.0,2.0,1.0,3.0,0.0,4.0,1.0,1.0,0.494167,0.482304,0.439167,0.31965,6133.0
455.0,2.0,1.0,3.0,0.0,5.0,1.0,2.0,0.37,0.375621,0.580833,0.138067,5459.0
456.0,2.0,1.0,3.0,0.0,6.0,0.0,2.0,0.424167,0.4217079999999999,0.738333,0.250617,6235.0
457.0,2.0,1.0,4.0,0.0,0.0,0.0,2.0,0.425833,0.4172869999999999,0.67625,0.172267,6041.0
458.0,2.0,1.0,4.0,0.0,1.0,1.0,1.0,0.433913,0.427513,0.5043479999999999,0.312139,5936.0
459.0,2.0,1.0,4.0,0.0,2.0,1.0,1.0,0.466667,0.461483,0.396667,0.100133,6772.0
460.0,2.0,1.0,4.0,0.0,3.0,1.0,1.0,0.541667,0.53345,0.469583,0.180975,6436.0
461.0,2.0,1.0,4.0,0.0,4.0,1.0,1.0,0.435,0.431163,0.374167,0.219529,6457.0
462.0,2.0,1.0,4.0,0.0,5.0,1.0,1.0,0.403333,0.390767,0.377083,0.300388,6460.0
463.0,2.0,1.0,4.0,0.0,6.0,0.0,1.0,0.4375,0.426129,0.254167,0.274871,6857.0
464.0,2.0,1.0,4.0,0.0,0.0,0.0,1.0,0.5,0.492425,0.275833,0.232596,5169.0
465.0,2.0,1.0,4.0,0.0,1.0,1.0,1.0,0.489167,0.476638,0.3175,0.358196,5585.0
466.0,2.0,1.0,4.0,0.0,2.0,1.0,1.0,0.446667,0.436233,0.435,0.249375,5918.0
467.0,2.0,1.0,4.0,0.0,3.0,1.0,1.0,0.348696,0.3372739999999999,0.4695649999999999,0.295274,4862.0
468.0,2.0,1.0,4.0,0.0,4.0,1.0,1.0,0.3975,0.387604,0.46625,0.290429,5409.0
469.0,2.0,1.0,4.0,0.0,5.0,1.0,1.0,0.4425,0.4318079999999999,0.408333,0.155471,6398.0
470.0,2.0,1.0,4.0,0.0,6.0,0.0,1.0,0.495,0.487996,0.5029170000000001,0.190917,7460.0
471.0,2.0,1.0,4.0,0.0,0.0,0.0,1.0,0.606667,0.573875,0.507917,0.225129,7132.0
472.0,2.0,1.0,4.0,1.0,1.0,0.0,1.0,0.664167,0.614925,0.561667,0.284829,6370.0
473.0,2.0,1.0,4.0,0.0,2.0,1.0,1.0,0.608333,0.598487,0.390417,0.273629,6691.0
474.0,2.0,1.0,4.0,0.0,3.0,1.0,2.0,0.463333,0.457038,0.569167,0.1679119999999999,4367.0
475.0,2.0,1.0,4.0,0.0,4.0,1.0,1.0,0.4983329999999999,0.493046,0.6125,0.0659292,6565.0
476.0,2.0,1.0,4.0,0.0,5.0,1.0,1.0,0.526667,0.515775,0.694583,0.149871,7290.0
477.0,2.0,1.0,4.0,0.0,6.0,0.0,1.0,0.57,0.542921,0.682917,0.283587,6624.0
478.0,2.0,1.0,4.0,0.0,0.0,0.0,3.0,0.396667,0.389504,0.835417,0.344546,1027.0
479.0,2.0,1.0,4.0,0.0,1.0,1.0,2.0,0.321667,0.301125,0.766667,0.303496,3214.0
480.0,2.0,1.0,4.0,0.0,2.0,1.0,1.0,0.413333,0.405283,0.454167,0.249383,5633.0
481.0,2.0,1.0,4.0,0.0,3.0,1.0,1.0,0.476667,0.470317,0.427917,0.118792,6196.0
482.0,2.0,1.0,4.0,0.0,4.0,1.0,2.0,0.4983329999999999,0.483583,0.756667,0.176625,5026.0
483.0,2.0,1.0,4.0,0.0,5.0,1.0,1.0,0.4575,0.452637,0.400833,0.3476329999999999,6233.0
484.0,2.0,1.0,4.0,0.0,6.0,0.0,2.0,0.376667,0.377504,0.489583,0.129975,4220.0
485.0,2.0,1.0,4.0,0.0,0.0,0.0,1.0,0.458333,0.450121,0.587083,0.116908,6304.0
486.0,2.0,1.0,4.0,0.0,1.0,1.0,2.0,0.464167,0.457696,0.57,0.171638,5572.0
487.0,2.0,1.0,5.0,0.0,2.0,1.0,2.0,0.613333,0.577021,0.659583,0.156096,5740.0
488.0,2.0,1.0,5.0,0.0,3.0,1.0,1.0,0.564167,0.537896,0.797083,0.138058,6169.0
489.0,2.0,1.0,5.0,0.0,4.0,1.0,2.0,0.56,0.537242,0.768333,0.133696,6421.0
490.0,2.0,1.0,5.0,0.0,5.0,1.0,1.0,0.6275,0.590917,0.735417,0.162938,6296.0
491.0,2.0,1.0,5.0,0.0,6.0,0.0,2.0,0.621667,0.584608,0.756667,0.152992,6883.0
492.0,2.0,1.0,5.0,0.0,0.0,0.0,2.0,0.5625,0.546737,0.74,0.1498789999999999,6359.0
493.0,2.0,1.0,5.0,0.0,1.0,1.0,2.0,0.5375,0.527142,0.664167,0.230721,6273.0
494.0,2.0,1.0,5.0,0.0,2.0,1.0,2.0,0.581667,0.557471,0.685833,0.296029,5728.0
495.0,2.0,1.0,5.0,0.0,3.0,1.0,2.0,0.575,0.553025,0.744167,0.216412,4717.0
496.0,2.0,1.0,5.0,0.0,4.0,1.0,1.0,0.505833,0.4917829999999999,0.552083,0.314063,6572.0
497.0,2.0,1.0,5.0,0.0,5.0,1.0,1.0,0.533333,0.520833,0.360417,0.2369369999999999,7030.0
498.0,2.0,1.0,5.0,0.0,6.0,0.0,1.0,0.564167,0.544817,0.480417,0.1231329999999999,7429.0
499.0,2.0,1.0,5.0,0.0,0.0,0.0,1.0,0.6125,0.585238,0.57625,0.225117,6118.0
500.0,2.0,1.0,5.0,0.0,1.0,1.0,2.0,0.573333,0.5499,0.789583,0.212692,2843.0
501.0,2.0,1.0,5.0,0.0,2.0,1.0,2.0,0.611667,0.576404,0.794583,0.147392,5115.0
502.0,2.0,1.0,5.0,0.0,3.0,1.0,1.0,0.636667,0.595975,0.697917,0.122512,7424.0
503.0,2.0,1.0,5.0,0.0,4.0,1.0,1.0,0.593333,0.572613,0.52,0.229475,7384.0
504.0,2.0,1.0,5.0,0.0,5.0,1.0,1.0,0.564167,0.551121,0.523333,0.136817,7639.0
505.0,2.0,1.0,5.0,0.0,6.0,0.0,1.0,0.6,0.566908,0.45625,0.083975,8294.0
506.0,2.0,1.0,5.0,0.0,0.0,0.0,1.0,0.620833,0.583967,0.530417,0.254367,7129.0
507.0,2.0,1.0,5.0,0.0,1.0,1.0,2.0,0.598333,0.565667,0.81125,0.233204,4359.0
508.0,2.0,1.0,5.0,0.0,2.0,1.0,2.0,0.615,0.580825,0.765833,0.118167,6073.0
509.0,2.0,1.0,5.0,0.0,3.0,1.0,2.0,0.621667,0.584612,0.774583,0.102,5260.0
510.0,2.0,1.0,5.0,0.0,4.0,1.0,1.0,0.655,0.6067,0.716667,0.172896,6770.0
511.0,2.0,1.0,5.0,0.0,5.0,1.0,1.0,0.68,0.627529,0.7470829999999999,0.14055,6734.0
512.0,2.0,1.0,5.0,0.0,6.0,0.0,1.0,0.6925,0.642696,0.7325,0.198992,6536.0
513.0,2.0,1.0,5.0,0.0,0.0,0.0,1.0,0.69,0.641425,0.697083,0.215171,6591.0
514.0,2.0,1.0,5.0,1.0,1.0,0.0,1.0,0.7125,0.6793,0.67625,0.196521,6043.0
515.0,2.0,1.0,5.0,0.0,2.0,1.0,1.0,0.7225,0.672992,0.6845829999999999,0.2954,5743.0
516.0,2.0,1.0,5.0,0.0,3.0,1.0,2.0,0.656667,0.611129,0.67,0.134329,6855.0
517.0,2.0,1.0,5.0,0.0,4.0,1.0,1.0,0.68,0.631329,0.492917,0.195279,7338.0
518.0,2.0,1.0,6.0,0.0,5.0,1.0,2.0,0.654167,0.607962,0.755417,0.237563,4127.0
519.0,2.0,1.0,6.0,0.0,6.0,0.0,1.0,0.583333,0.566288,0.549167,0.1865619999999999,8120.0
520.0,2.0,1.0,6.0,0.0,0.0,0.0,1.0,0.6025,0.575133,0.4933329999999999,0.184087,7641.0
521.0,2.0,1.0,6.0,0.0,1.0,1.0,1.0,0.5975,0.578283,0.487083,0.284833,6998.0
522.0,2.0,1.0,6.0,0.0,2.0,1.0,2.0,0.540833,0.525892,0.613333,0.209575,7001.0
523.0,2.0,1.0,6.0,0.0,3.0,1.0,1.0,0.554167,0.542292,0.61125,0.077125,7055.0
524.0,2.0,1.0,6.0,0.0,4.0,1.0,1.0,0.6025,0.569442,0.567083,0.15735,7494.0
525.0,2.0,1.0,6.0,0.0,5.0,1.0,1.0,0.649167,0.597862,0.467917,0.1753829999999999,7736.0
526.0,2.0,1.0,6.0,0.0,6.0,0.0,1.0,0.710833,0.648367,0.437083,0.144287,7498.0
527.0,2.0,1.0,6.0,0.0,0.0,0.0,1.0,0.726667,0.663517,0.538333,0.133721,6598.0
528.0,2.0,1.0,6.0,0.0,1.0,1.0,2.0,0.720833,0.659721,0.587917,0.207713,6664.0
530.0,2.0,1.0,6.0,0.0,3.0,1.0,1.0,0.655833,0.611117,0.582083,0.343279,7421.0
531.0,2.0,1.0,6.0,0.0,4.0,1.0,1.0,0.648333,0.624383,0.569583,0.253733,7363.0
532.0,2.0,1.0,6.0,0.0,5.0,1.0,1.0,0.639167,0.599754,0.589583,0.176617,7665.0
533.0,2.0,1.0,6.0,0.0,6.0,0.0,1.0,0.631667,0.594708,0.504167,0.166667,7702.0
534.0,2.0,1.0,6.0,0.0,0.0,0.0,1.0,0.5925,0.571975,0.59875,0.144904,6978.0
535.0,2.0,1.0,6.0,0.0,1.0,1.0,2.0,0.568333,0.544842,0.777917,0.174746,5099.0
536.0,2.0,1.0,6.0,0.0,2.0,1.0,1.0,0.688333,0.654692,0.69,0.148017,6825.0
537.0,2.0,1.0,6.0,0.0,3.0,1.0,1.0,0.7825,0.720975,0.592083,0.1138119999999999,6211.0
538.0,3.0,1.0,6.0,0.0,4.0,1.0,1.0,0.805833,0.752542,0.567917,0.1187869999999999,5905.0
539.0,3.0,1.0,6.0,0.0,5.0,1.0,1.0,0.7775,0.724121,0.57375,0.182842,5823.0
540.0,3.0,1.0,6.0,0.0,6.0,0.0,1.0,0.731667,0.652792,0.534583,0.179721,7458.0
541.0,3.0,1.0,6.0,0.0,0.0,0.0,1.0,0.743333,0.674254,0.479167,0.145525,6891.0
542.0,3.0,1.0,6.0,0.0,1.0,1.0,1.0,0.7158329999999999,0.654042,0.504167,0.300383,6779.0
543.0,3.0,1.0,6.0,0.0,2.0,1.0,1.0,0.630833,0.594704,0.3733329999999999,0.347642,7442.0
544.0,3.0,1.0,6.0,0.0,3.0,1.0,1.0,0.6975,0.640792,0.36,0.271775,7335.0
545.0,3.0,1.0,6.0,0.0,4.0,1.0,1.0,0.749167,0.675512,0.4225,0.17165,6879.0
546.0,3.0,1.0,6.0,0.0,5.0,1.0,1.0,0.834167,0.786613,0.48875,0.165417,5463.0
547.0,3.0,1.0,6.0,0.0,6.0,0.0,1.0,0.765,0.687508,0.60125,0.161071,5687.0
548.0,3.0,1.0,7.0,0.0,0.0,0.0,1.0,0.815833,0.750629,0.51875,0.1685289999999999,5531.0
549.0,3.0,1.0,7.0,0.0,1.0,1.0,1.0,0.781667,0.702038,0.447083,0.195267,6227.0
550.0,3.0,1.0,7.0,0.0,2.0,1.0,1.0,0.780833,0.70265,0.492083,0.126237,6660.0
551.0,3.0,1.0,7.0,1.0,3.0,0.0,1.0,0.789167,0.732337,0.53875,0.13495,7403.0
552.0,3.0,1.0,7.0,0.0,4.0,1.0,1.0,0.8275,0.761367,0.457917,0.194029,6241.0
553.0,3.0,1.0,7.0,0.0,5.0,1.0,1.0,0.828333,0.752533,0.450833,0.146142,6207.0
554.0,3.0,1.0,7.0,0.0,6.0,0.0,1.0,0.861667,0.804913,0.492083,0.163554,4840.0
555.0,3.0,1.0,7.0,0.0,0.0,0.0,1.0,0.8225,0.790396,0.57375,0.125629,4672.0
556.0,3.0,1.0,7.0,0.0,1.0,1.0,2.0,0.710833,0.654054,0.683333,0.180975,6569.0
557.0,3.0,1.0,7.0,0.0,2.0,1.0,2.0,0.720833,0.664796,0.6675,0.1517369999999999,6290.0
558.0,3.0,1.0,7.0,0.0,3.0,1.0,1.0,0.716667,0.650271,0.633333,0.1517329999999999,7264.0
559.0,3.0,1.0,7.0,0.0,4.0,1.0,1.0,0.7158329999999999,0.654683,0.529583,0.146775,7446.0
560.0,3.0,1.0,7.0,0.0,5.0,1.0,2.0,0.731667,0.667933,0.485833,0.08085,7499.0
561.0,3.0,1.0,7.0,0.0,6.0,0.0,2.0,0.703333,0.666042,0.699167,0.143679,6969.0
562.0,3.0,1.0,7.0,0.0,0.0,0.0,1.0,0.745833,0.705196,0.717917,0.166667,6031.0
563.0,3.0,1.0,7.0,0.0,1.0,1.0,1.0,0.763333,0.724125,0.645,0.164187,6830.0
564.0,3.0,1.0,7.0,0.0,2.0,1.0,1.0,0.818333,0.755683,0.505833,0.114429,6786.0
565.0,3.0,1.0,7.0,0.0,3.0,1.0,1.0,0.793333,0.745583,0.577083,0.137442,5713.0
566.0,3.0,1.0,7.0,0.0,4.0,1.0,1.0,0.77,0.714642,0.600417,0.165429,6591.0
567.0,3.0,1.0,7.0,0.0,5.0,1.0,2.0,0.665833,0.613025,0.844167,0.208967,5870.0
568.0,3.0,1.0,7.0,0.0,6.0,0.0,3.0,0.595833,0.549912,0.865417,0.2133,4459.0
569.0,3.0,1.0,7.0,0.0,0.0,0.0,2.0,0.6675,0.623125,0.7625,0.0939208,7410.0
570.0,3.0,1.0,7.0,0.0,1.0,1.0,1.0,0.741667,0.690017,0.694167,0.138683,6966.0
571.0,3.0,1.0,7.0,0.0,2.0,1.0,1.0,0.750833,0.70645,0.655,0.211454,7592.0
572.0,3.0,1.0,7.0,0.0,3.0,1.0,1.0,0.724167,0.654054,0.45,0.1648,8173.0
573.0,3.0,1.0,7.0,0.0,4.0,1.0,1.0,0.776667,0.739263,0.5966670000000001,0.284813,6861.0
574.0,3.0,1.0,7.0,0.0,5.0,1.0,1.0,0.781667,0.734217,0.594583,0.152992,6904.0
575.0,3.0,1.0,7.0,0.0,6.0,0.0,1.0,0.755833,0.697604,0.613333,0.15735,6685.0
576.0,3.0,1.0,7.0,0.0,0.0,0.0,1.0,0.7216670000000001,0.667933,0.62375,0.170396,6597.0
577.0,3.0,1.0,7.0,0.0,1.0,1.0,1.0,0.730833,0.684987,0.66875,0.153617,7105.0
578.0,3.0,1.0,7.0,0.0,2.0,1.0,1.0,0.713333,0.662896,0.704167,0.165425,7216.0
579.0,3.0,1.0,8.0,0.0,3.0,1.0,1.0,0.7175,0.667308,0.6775,0.141179,7580.0
580.0,3.0,1.0,8.0,0.0,4.0,1.0,1.0,0.7525,0.707088,0.659583,0.129354,7261.0
581.0,3.0,1.0,8.0,0.0,5.0,1.0,2.0,0.765833,0.722867,0.6425,0.215792,7175.0
582.0,3.0,1.0,8.0,0.0,6.0,0.0,1.0,0.793333,0.751267,0.613333,0.257458,6824.0
583.0,3.0,1.0,8.0,0.0,0.0,0.0,1.0,0.769167,0.731079,0.6525,0.290421,5464.0
584.0,3.0,1.0,8.0,0.0,1.0,1.0,2.0,0.7525,0.710246,0.654167,0.129354,7013.0
585.0,3.0,1.0,8.0,0.0,2.0,1.0,2.0,0.735833,0.697621,0.70375,0.116908,7273.0
586.0,3.0,1.0,8.0,0.0,3.0,1.0,2.0,0.75,0.707717,0.672917,0.1107,7534.0
587.0,3.0,1.0,8.0,0.0,4.0,1.0,1.0,0.755833,0.699508,0.620417,0.1561,7286.0
588.0,3.0,1.0,8.0,0.0,5.0,1.0,2.0,0.7158329999999999,0.667942,0.7158329999999999,0.238813,5786.0
589.0,3.0,1.0,8.0,0.0,6.0,0.0,2.0,0.6925,0.638267,0.732917,0.206479,6299.0
590.0,3.0,1.0,8.0,0.0,0.0,0.0,1.0,0.700833,0.644579,0.530417,0.122512,6544.0
591.0,3.0,1.0,8.0,0.0,1.0,1.0,1.0,0.720833,0.662254,0.545417,0.136212,6883.0
592.0,3.0,1.0,8.0,0.0,2.0,1.0,1.0,0.726667,0.676779,0.686667,0.169158,6784.0
593.0,3.0,1.0,8.0,0.0,3.0,1.0,1.0,0.706667,0.654037,0.619583,0.169771,7347.0
594.0,3.0,1.0,8.0,0.0,4.0,1.0,1.0,0.719167,0.654688,0.519167,0.141796,7605.0
595.0,3.0,1.0,8.0,0.0,5.0,1.0,1.0,0.723333,0.2424,0.570833,0.231354,7148.0
596.0,3.0,1.0,8.0,0.0,6.0,0.0,1.0,0.678333,0.618071,0.603333,0.177867,7865.0
597.0,3.0,1.0,8.0,0.0,0.0,0.0,2.0,0.635833,0.603554,0.711667,0.08645,4549.0
598.0,3.0,1.0,8.0,0.0,1.0,1.0,2.0,0.635833,0.595967,0.734167,0.1299789999999999,6530.0
599.0,3.0,1.0,8.0,0.0,2.0,1.0,1.0,0.649167,0.601025,0.67375,0.0727708,7006.0
600.0,3.0,1.0,8.0,0.0,3.0,1.0,1.0,0.6675,0.621854,0.677083,0.0702833,7375.0
601.0,3.0,1.0,8.0,0.0,4.0,1.0,1.0,0.695833,0.637008,0.635833,0.0845958,7765.0
602.0,3.0,1.0,8.0,0.0,5.0,1.0,2.0,0.7025,0.6471,0.615,0.0721458,7582.0
603.0,3.0,1.0,8.0,0.0,6.0,0.0,2.0,0.661667,0.618696,0.712917,0.244408,6053.0
604.0,3.0,1.0,8.0,0.0,0.0,0.0,2.0,0.6533329999999999,0.595996,0.845833,0.228858,5255.0
605.0,3.0,1.0,8.0,0.0,1.0,1.0,1.0,0.703333,0.654688,0.730417,0.128733,6917.0
606.0,3.0,1.0,8.0,0.0,2.0,1.0,1.0,0.728333,0.66605,0.62,0.190925,7040.0
607.0,3.0,1.0,8.0,0.0,3.0,1.0,1.0,0.685,0.635733,0.552083,0.112562,7697.0
608.0,3.0,1.0,8.0,0.0,4.0,1.0,1.0,0.706667,0.652779,0.590417,0.0771167,7713.0
609.0,3.0,1.0,8.0,0.0,5.0,1.0,1.0,0.764167,0.6894,0.5875,0.168533,7350.0
610.0,3.0,1.0,9.0,0.0,6.0,0.0,2.0,0.753333,0.702654,0.638333,0.113187,6140.0
611.0,3.0,1.0,9.0,0.0,0.0,0.0,2.0,0.696667,0.649,0.815,0.0640708,5810.0
612.0,3.0,1.0,9.0,1.0,1.0,0.0,1.0,0.7075,0.661629,0.790833,0.151121,6034.0
613.0,3.0,1.0,9.0,0.0,2.0,1.0,1.0,0.725833,0.686888,0.755,0.236321,6864.0
614.0,3.0,1.0,9.0,0.0,3.0,1.0,1.0,0.736667,0.708983,0.74125,0.187808,7112.0
615.0,3.0,1.0,9.0,0.0,4.0,1.0,2.0,0.696667,0.655329,0.810417,0.142421,6203.0
616.0,3.0,1.0,9.0,0.0,5.0,1.0,1.0,0.703333,0.657204,0.73625,0.171646,7504.0
617.0,3.0,1.0,9.0,0.0,6.0,0.0,2.0,0.6591670000000001,0.611121,0.799167,0.281104,5976.0
618.0,3.0,1.0,9.0,0.0,0.0,0.0,1.0,0.61,0.578925,0.5475,0.224496,8227.0
619.0,3.0,1.0,9.0,0.0,1.0,1.0,1.0,0.583333,0.565654,0.50375,0.258713,7525.0
620.0,3.0,1.0,9.0,0.0,2.0,1.0,1.0,0.5775,0.554292,0.52,0.0920541999999999,7767.0
621.0,3.0,1.0,9.0,0.0,3.0,1.0,1.0,0.599167,0.570075,0.577083,0.131846,7870.0
622.0,3.0,1.0,9.0,0.0,4.0,1.0,1.0,0.6125,0.579558,0.637083,0.0827208,7804.0
623.0,3.0,1.0,9.0,0.0,5.0,1.0,1.0,0.633333,0.594083,0.6725,0.103863,8009.0
624.0,3.0,1.0,9.0,0.0,6.0,0.0,1.0,0.608333,0.585867,0.501667,0.247521,8714.0
625.0,3.0,1.0,9.0,0.0,0.0,0.0,1.0,0.58,0.563125,0.57,0.0901833,7333.0
626.0,3.0,1.0,9.0,0.0,1.0,1.0,2.0,0.580833,0.55305,0.734583,0.151742,6869.0
627.0,3.0,1.0,9.0,0.0,2.0,1.0,2.0,0.623333,0.565067,0.8725,0.357587,4073.0
628.0,3.0,1.0,9.0,0.0,3.0,1.0,1.0,0.5525,0.540404,0.536667,0.215175,7591.0
629.0,3.0,1.0,9.0,0.0,4.0,1.0,1.0,0.546667,0.532192,0.618333,0.118167,7720.0
630.0,3.0,1.0,9.0,0.0,5.0,1.0,1.0,0.599167,0.571971,0.66875,0.154229,8167.0
631.0,3.0,1.0,9.0,0.0,6.0,0.0,1.0,0.65,0.610488,0.646667,0.283583,8395.0
632.0,4.0,1.0,9.0,0.0,0.0,0.0,1.0,0.529167,0.518933,0.4670829999999999,0.2232579999999999,7907.0
633.0,4.0,1.0,9.0,0.0,1.0,1.0,1.0,0.514167,0.502513,0.492917,0.142404,7436.0
634.0,4.0,1.0,9.0,0.0,2.0,1.0,1.0,0.55,0.544179,0.57,0.236321,7538.0
635.0,4.0,1.0,9.0,0.0,3.0,1.0,1.0,0.635,0.5966130000000001,0.630833,0.2444,7733.0
636.0,4.0,1.0,9.0,0.0,4.0,1.0,2.0,0.65,0.607975,0.690833,0.134342,7393.0
637.0,4.0,1.0,9.0,0.0,5.0,1.0,2.0,0.619167,0.585863,0.69,0.164179,7415.0
638.0,4.0,1.0,9.0,0.0,6.0,0.0,1.0,0.5425,0.530296,0.542917,0.227604,8555.0
639.0,4.0,1.0,9.0,0.0,0.0,0.0,1.0,0.526667,0.517663,0.583333,0.134958,6889.0
640.0,4.0,1.0,10.0,0.0,1.0,1.0,2.0,0.520833,0.512,0.649167,0.0908041999999999,6778.0
641.0,4.0,1.0,10.0,0.0,2.0,1.0,3.0,0.5908329999999999,0.542333,0.871667,0.104475,4639.0
642.0,4.0,1.0,10.0,0.0,3.0,1.0,2.0,0.6575,0.599133,0.79375,0.0665458,7572.0
643.0,4.0,1.0,10.0,0.0,4.0,1.0,2.0,0.6575,0.607975,0.722917,0.117546,7328.0
644.0,4.0,1.0,10.0,0.0,5.0,1.0,1.0,0.615,0.580187,0.6275,0.10635,8156.0
645.0,4.0,1.0,10.0,0.0,6.0,0.0,1.0,0.554167,0.538521,0.664167,0.268025,7965.0
646.0,4.0,1.0,10.0,0.0,0.0,0.0,2.0,0.415833,0.419813,0.708333,0.1411619999999999,3510.0
647.0,4.0,1.0,10.0,1.0,1.0,0.0,2.0,0.383333,0.387608,0.709583,0.189679,5478.0
648.0,4.0,1.0,10.0,0.0,2.0,1.0,2.0,0.446667,0.438112,0.761667,0.1903,6392.0
649.0,4.0,1.0,10.0,0.0,3.0,1.0,1.0,0.514167,0.503142,0.630833,0.187821,7691.0
650.0,4.0,1.0,10.0,0.0,4.0,1.0,1.0,0.435,0.431167,0.463333,0.181596,7570.0
651.0,4.0,1.0,10.0,0.0,5.0,1.0,1.0,0.4375,0.433071,0.539167,0.235092,7282.0
652.0,4.0,1.0,10.0,0.0,6.0,0.0,1.0,0.393333,0.391396,0.494583,0.146142,7109.0
653.0,4.0,1.0,10.0,0.0,0.0,0.0,1.0,0.521667,0.508204,0.640417,0.2786119999999999,6639.0
654.0,4.0,1.0,10.0,0.0,1.0,1.0,2.0,0.561667,0.53915,0.7075,0.296037,5875.0
655.0,4.0,1.0,10.0,0.0,2.0,1.0,1.0,0.468333,0.460846,0.558333,0.182221,7534.0
656.0,4.0,1.0,10.0,0.0,3.0,1.0,1.0,0.455833,0.450108,0.692917,0.101371,7461.0
657.0,4.0,1.0,10.0,0.0,4.0,1.0,2.0,0.5225,0.512625,0.728333,0.2369369999999999,7509.0
658.0,4.0,1.0,10.0,0.0,5.0,1.0,2.0,0.563333,0.537896,0.815,0.134954,5424.0
659.0,4.0,1.0,10.0,0.0,6.0,0.0,1.0,0.484167,0.472842,0.572917,0.1175369999999999,8090.0
660.0,4.0,1.0,10.0,0.0,0.0,0.0,1.0,0.464167,0.456429,0.51,0.166054,6824.0
661.0,4.0,1.0,10.0,0.0,1.0,1.0,1.0,0.4875,0.482942,0.568333,0.0814833,7058.0
662.0,4.0,1.0,10.0,0.0,2.0,1.0,1.0,0.544167,0.530304,0.641667,0.0945458,7466.0
663.0,4.0,1.0,10.0,0.0,3.0,1.0,1.0,0.5875,0.558721,0.63625,0.0727791999999999,7693.0
664.0,4.0,1.0,10.0,0.0,4.0,1.0,2.0,0.55,0.529688,0.800417,0.124375,7359.0
665.0,4.0,1.0,10.0,0.0,5.0,1.0,2.0,0.545833,0.52275,0.807083,0.132467,7444.0
666.0,4.0,1.0,10.0,0.0,6.0,0.0,2.0,0.53,0.515133,0.72,0.235692,7852.0
667.0,4.0,1.0,10.0,0.0,0.0,0.0,2.0,0.4775,0.467771,0.694583,0.398008,4459.0
668.0,4.0,1.0,10.0,0.0,1.0,1.0,3.0,0.44,0.4394,0.88,0.3582,22.0
669.0,4.0,1.0,10.0,0.0,2.0,1.0,2.0,0.318182,0.309909,0.8254549999999999,0.213009,1096.0
670.0,4.0,1.0,10.0,0.0,3.0,1.0,2.0,0.3575,0.3611,0.666667,0.166667,5566.0
671.0,4.0,1.0,11.0,0.0,4.0,1.0,2.0,0.365833,0.369942,0.581667,0.157346,5986.0
672.0,4.0,1.0,11.0,0.0,5.0,1.0,1.0,0.355,0.356042,0.522083,0.266175,5847.0
673.0,4.0,1.0,11.0,0.0,6.0,0.0,2.0,0.343333,0.323846,0.49125,0.270529,5138.0
674.0,4.0,1.0,11.0,0.0,0.0,0.0,1.0,0.325833,0.329538,0.532917,0.179108,5107.0
675.0,4.0,1.0,11.0,0.0,1.0,1.0,1.0,0.319167,0.308075,0.494167,0.236325,5259.0
676.0,4.0,1.0,11.0,0.0,2.0,1.0,1.0,0.280833,0.281567,0.567083,0.173513,5686.0
677.0,4.0,1.0,11.0,0.0,3.0,1.0,2.0,0.295833,0.274621,0.5475,0.304108,5035.0
678.0,4.0,1.0,11.0,0.0,4.0,1.0,1.0,0.352174,0.341891,0.333478,0.347835,5315.0
679.0,4.0,1.0,11.0,0.0,5.0,1.0,1.0,0.361667,0.355413,0.540833,0.214558,5992.0
680.0,4.0,1.0,11.0,0.0,6.0,0.0,1.0,0.389167,0.393937,0.645417,0.0578458,6536.0
681.0,4.0,1.0,11.0,0.0,0.0,0.0,1.0,0.420833,0.421713,0.6591670000000001,0.1275,6852.0
682.0,4.0,1.0,11.0,1.0,1.0,0.0,1.0,0.485,0.475383,0.741667,0.173517,6269.0
683.0,4.0,1.0,11.0,0.0,2.0,1.0,2.0,0.343333,0.323225,0.662917,0.342046,4094.0
684.0,4.0,1.0,11.0,0.0,3.0,1.0,1.0,0.289167,0.281563,0.552083,0.199625,5495.0
685.0,4.0,1.0,11.0,0.0,4.0,1.0,2.0,0.321667,0.324492,0.620417,0.1529869999999999,5445.0
686.0,4.0,1.0,11.0,0.0,5.0,1.0,1.0,0.345,0.347204,0.524583,0.171025,5698.0
687.0,4.0,1.0,11.0,0.0,6.0,0.0,1.0,0.325,0.326383,0.545417,0.179729,5629.0
688.0,4.0,1.0,11.0,0.0,0.0,0.0,1.0,0.3425,0.337746,0.692917,0.2276119999999999,4669.0
689.0,4.0,1.0,11.0,0.0,1.0,1.0,2.0,0.380833,0.375621,0.623333,0.235067,5499.0
690.0,4.0,1.0,11.0,0.0,2.0,1.0,2.0,0.374167,0.380667,0.685,0.082725,5634.0
691.0,4.0,1.0,11.0,0.0,3.0,1.0,1.0,0.353333,0.364892,0.61375,0.103246,5146.0
692.0,4.0,1.0,11.0,1.0,4.0,0.0,1.0,0.34,0.350371,0.580417,0.0528708,2425.0
693.0,4.0,1.0,11.0,0.0,5.0,1.0,1.0,0.3683329999999999,0.378779,0.56875,0.148021,3910.0
694.0,4.0,1.0,11.0,0.0,6.0,0.0,1.0,0.278333,0.248742,0.4045829999999999,0.376871,2277.0
695.0,4.0,1.0,11.0,0.0,0.0,0.0,1.0,0.245833,0.257583,0.468333,0.1505,2424.0
696.0,4.0,1.0,11.0,0.0,1.0,1.0,1.0,0.313333,0.3390039999999999,0.535417,0.04665,5087.0
697.0,4.0,1.0,11.0,0.0,2.0,1.0,2.0,0.291667,0.281558,0.786667,0.237562,3959.0
698.0,4.0,1.0,11.0,0.0,3.0,1.0,1.0,0.296667,0.2897619999999999,0.50625,0.210821,5260.0
699.0,4.0,1.0,11.0,0.0,4.0,1.0,1.0,0.28087,0.2984219999999999,0.555652,0.115522,5323.0
700.0,4.0,1.0,11.0,0.0,5.0,1.0,1.0,0.298333,0.323867,0.649583,0.0584708,5668.0
701.0,4.0,1.0,12.0,0.0,6.0,0.0,2.0,0.298333,0.316904,0.806667,0.0597041999999999,5191.0
703.0,4.0,1.0,12.0,0.0,1.0,1.0,1.0,0.4525,0.455796,0.7675,0.0827208,6234.0
704.0,4.0,1.0,12.0,0.0,2.0,1.0,1.0,0.475833,0.4690539999999999,0.73375,0.174129,6606.0
705.0,4.0,1.0,12.0,0.0,3.0,1.0,1.0,0.438333,0.428012,0.485,0.324021,5729.0
706.0,4.0,1.0,12.0,0.0,4.0,1.0,1.0,0.255833,0.258204,0.50875,0.174754,5375.0
707.0,4.0,1.0,12.0,0.0,5.0,1.0,2.0,0.320833,0.3219579999999999,0.764167,0.1306,5008.0
708.0,4.0,1.0,12.0,0.0,6.0,0.0,2.0,0.381667,0.3895079999999999,0.91125,0.101379,5582.0
709.0,4.0,1.0,12.0,0.0,0.0,0.0,2.0,0.384167,0.390146,0.905417,0.157975,3228.0
710.0,4.0,1.0,12.0,0.0,1.0,1.0,2.0,0.4358329999999999,0.435575,0.925,0.190308,5170.0
711.0,4.0,1.0,12.0,0.0,2.0,1.0,2.0,0.353333,0.338363,0.5966670000000001,0.296037,5501.0
712.0,4.0,1.0,12.0,0.0,3.0,1.0,2.0,0.2975,0.297338,0.538333,0.162937,5319.0
713.0,4.0,1.0,12.0,0.0,4.0,1.0,1.0,0.295833,0.294188,0.485833,0.174129,5532.0
714.0,4.0,1.0,12.0,0.0,5.0,1.0,1.0,0.281667,0.294192,0.642917,0.1312289999999999,5611.0
715.0,4.0,1.0,12.0,0.0,6.0,0.0,1.0,0.324167,0.338383,0.650417,0.10635,5047.0
716.0,4.0,1.0,12.0,0.0,0.0,0.0,2.0,0.3625,0.369938,0.83875,0.100742,3786.0
717.0,4.0,1.0,12.0,0.0,1.0,1.0,2.0,0.393333,0.4015,0.907083,0.0982583,4585.0
718.0,4.0,1.0,12.0,0.0,2.0,1.0,1.0,0.410833,0.409708,0.66625,0.221404,5557.0
719.0,4.0,1.0,12.0,0.0,3.0,1.0,1.0,0.3325,0.3421619999999999,0.625417,0.184092,5267.0
720.0,4.0,1.0,12.0,0.0,4.0,1.0,2.0,0.33,0.335217,0.667917,0.132463,4128.0
721.0,1.0,1.0,12.0,0.0,5.0,1.0,2.0,0.326667,0.301767,0.556667,0.3743829999999999,3623.0
722.0,1.0,1.0,12.0,0.0,6.0,0.0,1.0,0.265833,0.236113,0.44125,0.407346,1749.0
723.0,1.0,1.0,12.0,0.0,0.0,0.0,1.0,0.245833,0.259471,0.515417,0.1330829999999999,1787.0
724.0,1.0,1.0,12.0,0.0,1.0,1.0,2.0,0.231304,0.2589,0.791304,0.0772303999999999,920.0
725.0,1.0,1.0,12.0,1.0,2.0,0.0,2.0,0.291304,0.294465,0.734783,0.168726,1013.0
726.0,1.0,1.0,12.0,0.0,3.0,1.0,3.0,0.243333,0.220333,0.823333,0.316546,441.0
727.0,1.0,1.0,12.0,0.0,4.0,1.0,2.0,0.254167,0.226642,0.652917,0.3501329999999999,2114.0
728.0,1.0,1.0,12.0,0.0,5.0,1.0,2.0,0.253333,0.255046,0.59,0.155471,3095.0
729.0,1.0,1.0,12.0,0.0,6.0,0.0,2.0,0.253333,0.2424,0.7529170000000001,0.124383,1341.0
730.0,1.0,1.0,12.0,0.0,0.0,0.0,1.0,0.255833,0.2317,0.483333,0.350754,1796.0
,,1.0,,,,,,,,,,
